id_usuario,username,nombre,email,contraseña,fecha_nacimiento
1,emiller1965,Elizabeth Miller,emiller@gmail.com,oCcUFjmL,16-08-1967
2,mwilliams1985,Michelle Williams,mwilliams@gmail.com,W9Sxt1sQ,04-08-2000
3,sgarcia1969,Sharon Garcia,sgarcia@yahoo.com,6Jb2Rmc6,23-11-1942
4,llowe1987,Lawrence Lowe,llowe@yahoo.com,TYhtqhqs,22-05-1944
5,awest1969,Allison West,awest@gmail.com,0os2ByK9,17-07-1952
6,jlarson1989,Janet Larson,jlarson@yahoo.es,ZWln3gsP,03-11-1945
7,randerson1979,Richard Anderson,randerson@gmail.com,VnWlMevi,14-01-1981
8,jpadilla1998,Jordan Padilla,jpadilla@hotmail.com,zmFAxjyR,23-04-1948
9,jaguirre1971,Jeffrey Aguirre,jaguirre@yahoo.it,dL1lawrd,07-08-2006
10,ashaw1989,Antonio Shaw,ashaw@icloud.com,qSOfdTgQ,28-10-1966
11,mmarshall1982,Michael Marshall,mmarshall@yahoo.es,JAteLxYq,25-05-2014
12,ssullivan1988,Steven Sullivan,ssullivan@yahoo.com,oSCRZPnt,22-11-2010
13,jwade1974,John Wade,jwade@gmail.com,Uua8Ljit,28-09-1984
14,bjordan1960,Barbara Jordan,bjordan@icloud.com,ZKzV0qA0,01-01-1985
15,tgibbs1996,Tara Gibbs,tgibbs@yahoo.it,Cz1g9YVj,14-10-1988
16,nvaughan1974,Nicole Vaughan,nvaughan@yahoo.com,SLUiCqtJ,29-03-1981
17,ivarov1965,Ivarov,ivarov@hotmail.com,IUxIUoVM,31-03-1982
18,esmith1962,Eric Smith,esmith@gmail.com,wDVCL6t3,23-06-2004
19,bpatel1980,Bradley Patel,bpatel@icloud.com,4oeUETEP,14-02-2015
20,ahardin1981,Andrew Hardin,ahardin@yahoo.com,ppJdCeFu,29-07-2014
21,rmartin1967,Ryan Martin,rmartin@yahoo.it,2zsdEc1r,21-08-2009
22,dbentley1972,Daniel Bentley,dbentley@yahoo.it,dVk9wNFx,16-03-1973
23,djohnson1984,Donna Johnson,djohnson@yahoo.es,oxf4uFom,01-12-1932
24,ahodges1994,Amy Hodges,ahodges@hotmail.com,74hoyHJw,27-07-1992
25,smahoney1982,Sean Mahoney,smahoney@gmail.com,6ouoSPpl,12-06-1959
26,ctaylor1976,Connor Taylor,ctaylor@yahoo.es,jZym8OpP,24-01-1965
27,tchavez1983,Teresa Chavez,tchavez@hotmail.com,IpPsGbm0,20-06-1946
28,alambert1984,Alexandra Lambert,alambert@icloud.com,YIJMpBq3,05-10-1994
29,swhite1967,Sharon White,swhite@yahoo.com,DthqMR5Y,11-04-2009
30,czuniga1995,Courtney Zuniga,czuniga@yahoo.es,WD76B8dh,05-08-2009
31,jgould2000,Janice Gould,jgould@yahoo.com,oP9BYtZy,12-10-1945
32,mtaylor1996,Mitchell Taylor,mtaylor@gmail.com,VP7qD9CW,15-01-1924
33,castolo1999,Castolo,castolo@gmail.com,IUxIUoVM,12-06-1933
34,mferguson2001,Matthew Ferguson,mferguson@hotmail.com,Tczoa91V,27-10-1984
35,droberts1966,Dwayne Roberts,droberts@yahoo.it,MCaZ9dwb,20-10-2016
36,lmoore1966,Leslie Moore,lmoore@yahoo.com,uLZ8p2nf,15-10-2015
37,jrich1992,Jessica Rich,jrich@yahoo.com,41Yw1Fjv,26-01-1973
38,aallen1997,Amy Allen,aallen@yahoo.es,JOiUve4K,23-03-1995
39,ebauer1975,Elizabeth Bauer,ebauer@yahoo.es,s13eb5lU,26-02-2014
40,joconnor1986,Jasmine Oconnor,joconnor@hotmail.com,eUsJ0bIE,07-08-1923
41,sballard2001,Sandra Ballard,sballard@hotmail.com,0cKXBQgM,09-01-1929
42,jwong1990,Jason Wong,jwong@hotmail.com,CrXt30DD,10-01-1989
43,dpatterson1992,Dennis Patterson PhD,dpatterson@yahoo.com,qdU6z9YI,23-04-1998
44,hhood1985,Heidi Hood,hhood@hotmail.com,wfhYEQHK,19-07-2012
45,tbryant1985,Timothy Bryant,tbryant@hotmail.com,NfUPGTeB,31-01-2006
46,ssmith1991,Sherri Smith,ssmith@hotmail.com,nwS2invN,23-10-1933
47,jbrown1968,Jeffrey Brown,jbrown@gmail.com,rUES9Men,26-03-1941
48,aburton1966,Alan Burton,aburton@yahoo.com,fBqBdTWB,07-12-2004
49,hsalazar1960,Heather Salazar,hsalazar@icloud.com,j3Q6lYnG,01-05-1955
50,cgonzales1988,Christopher Gonzales,cgonzales@icloud.com,SzpJw4yz,30-11-1945
51,lroberson2000,Lisa Roberson,lroberson@yahoo.it,E6Xlwkm1,02-06-1945
52,kroberts1991,Karen Roberts,kroberts@yahoo.com,szfHeoqk,21-07-1960
53,cmiller1997,Christopher Miller,cmiller@gmail.com,zrrMHrV6,11-06-1950
54,kmckenzie1982,Kyle Mckenzie,kmckenzie@yahoo.it,8unHco8S,18-01-1978
55,cmassey1964,Casey Massey,cmassey@icloud.com,OiwR1Ihv,24-03-1949
56,clawrence1966,Christian Lawrence,clawrence@gmail.com,7tDEYyzW,03-11-1975
57,syates1970,Sabrina Yates,syates@yahoo.it,69lm9Opq,13-07-2006
58,lwagner1960,Laura Wagner,lwagner@yahoo.it,9VbX2Dl9,25-03-1931
59,aanderson2001,Alyssa Anderson,aanderson@hotmail.com,Sf9pSb3z,25-07-2007
60,bgarcia1967,Brandi Garcia,bgarcia@yahoo.it,ob1WSGz2,03-12-2014
61,cowens1996,Christopher Owens,cowens@yahoo.es,h9gfXxDG,26-02-1987
62,bharris1971,Bryce Harris,bharris@yahoo.it,7miPf6j5,24-03-1988
63,twilson1999,Tonya Wilson,twilson@yahoo.it,W2KAlalS,20-03-1992
64,mweber1962,Michelle Weber,mweber@yahoo.it,TV912g59,05-07-1993
65,jmills1975,James Mills,jmills@yahoo.it,ff9qd0lJ,08-08-1985
66,cblake1972,Christopher Blake,cblake@icloud.com,kI2Lt7sy,11-10-1981
67,aramirez1978,Amy Ramirez,aramirez@gmail.com,klagg55L,16-02-2003
68,mdavis1995,Mark Davis,mdavis@yahoo.com,9M4fwJlN,12-07-1965
69,jkennedy1987,Jonathan Kennedy,jkennedy@hotmail.com,Nvxb8bUc,09-02-1955
70,jbrown1985,Jason Brown,jbrown@icloud.com,wwa12glM,19-01-1971
71,wlee1995,William Lee,wlee@gmail.com,oEm1Kamn,04-02-1966
72,bbailey1996,Brittany Bailey,bbailey@yahoo.com,1kZNBTUC,14-06-1962
73,dwright1980,Donna Wright,dwright@yahoo.it,mWrcsNKn,26-09-2006
74,wsmith2001,Wendy Smith,wsmith@yahoo.it,yiEbsYQQ,06-10-1953
75,fmendez1982,Frank Mendez,fmendez@yahoo.es,lAV6xmZm,01-05-2001
76,rdoyle1985,Richard Doyle,rdoyle@gmail.com,6YnIZbGu,13-04-1967
77,aclark1972,Anthony Clark,aclark@yahoo.it,PsFGHSvv,06-05-1950
80,nsnyder1960,Nicholas Snyder,nsnyder@hotmail.com,38mdWYSX,04-02-1990
82,dwest1975,Donald West,dwest@hotmail.com,h49f9vtW,07-05-2003
87,mrodriguez1969,Melissa Rodriguez,mrodriguez@yahoo.com,mVqchhZq,01-01-1927
90,jjames1966,James James,jjames@hotmail.com,nWcB06pO,14-04-1932
92,kpoole1969,Kristopher Poole,kpoole@hotmail.com,nlHJ64kw,14-04-2000
93,jbrewer1984,Joanna Brewer,jbrewer@gmail.com,InlgLdUD,07-09-2004
95,minanda1972,Minanda,minanda@hotmail.com,IUxIUoVM,04-09-1939
97,jmclaughlin2001,Jennifer Mclaughlin,jmclaughlin@yahoo.it,ewdv9IPt,10-08-1953
102,bmiller1969,Benjamin Miller,bmiller@yahoo.it,RRMlowlh,29-05-2016
105,cgordon1977,Charles Gordon,cgordon@gmail.com,kc8gQfxD,08-04-1984
106,ctucker1961,Charles Tucker,ctucker@yahoo.es,wCnJiML8,01-10-1932
108,lmcdaniel1995,Laura Mcdaniel,lmcdaniel@icloud.com,suykYALE,21-02-1942
115,ayork1984,Alexa York,ayork@icloud.com,VRlki1jC,05-07-1996
119,sharrison2000,Sheena Harrison,sharrison@yahoo.es,dqJ3UlcF,07-08-1959
122,cwilson1965,Caroline Wilson,cwilson@gmail.com,2V1fvJAB,18-12-2004
123,jbryant1971,Jack Bryant,jbryant@yahoo.com,EyjXHUYs,04-11-1967
130,etaylor1969,Eric Taylor,etaylor@yahoo.it,NZQdoyvw,03-04-1947
132,kschmidt1998,Kayla Schmidt,kschmidt@yahoo.it,LDDxFcrU,17-03-1950
133,brios1983,Brian Rios,brios@icloud.com,ow8NkWYm,19-02-1977
134,jharrison1997,Joseph Harrison,jharrison@yahoo.es,ZCtisRw5,28-09-1947
141,jtaylor1997,Jessica Taylor,jtaylor@yahoo.com,5f3ioZ9I,22-01-1927
142,mwhitney1991,Matthew Whitney,mwhitney@hotmail.com,qVYt81JH,15-01-1930
146,jwade1981,John Wade,jwade@icloud.com,ENjqJ0g3,14-01-1969
